{"episode_reward_max": -232.7741845654123, "episode_reward_min": -497.26889351008793, "episode_reward_mean": -347.41392910649057, "episode_len_mean": 72.0, "episode_media": {}, "episodes_this_iter": 105, "policy_reward_min": {}, "policy_reward_max": {}, "policy_reward_mean": {}, "custom_metrics": {}, "hist_stats": {"episode_reward": [-298.00288824631804, -333.8130863621271, -363.7324849959659, -344.9665957313731, -284.1931819322047, -408.5468845293565, -260.68776493990896, -392.8701768901205, -288.7691936161397, -386.02193279896943, -363.8790544845833, -292.3052391736678, -344.7431561984062, -388.2514704164604, -427.7203899369803, -385.8394520193773, -423.92922160610556, -248.3405088595944, -351.0460874286553, -367.25453433459626, -236.63164343121142, -408.9517985768108, -391.41838227593007, -232.7741845654123, -282.97520639930275, -393.80338068269896, -390.67578622607437, -403.1118625631173, -409.7741480327425, -384.86201564994093, -301.5050421196451, -246.18246726045666, -335.9003658355571, -348.79574175600146, -315.43883402396045, -298.15673521160267, -321.7293969253835, -427.44274151851937, -478.3533351243772, -314.71499351032884, -277.9382177699672, -380.70708933823346, -338.36843667504013, -307.6357257221878, -272.8826603081319, -312.09567592202967, -286.1871774457046, -331.91835688907736, -356.64102951626006, -345.4317811868297, -301.65173049069887, -386.2199477270944, -342.43493363681034, -364.0740573091625, -348.1022303424581, -418.6560459016678, -307.8630773523105, -331.63390392872054, -350.7284635686562, -370.99155521275094, -299.0394103233824, -418.0652929106411, -297.119890514289, -286.89363525364365, -384.18196195178126, -367.75117856336544, -350.40441361298053, -406.1142773654659, -382.3001940186221, -446.9194775541767, -357.4717216865194, -380.6655973782858, -385.4217148101439, -341.49050006291174, -334.8886078676009, -455.6295791019554, -488.60437546502595, -331.55883150239026, -279.87419034216697, -339.76813238183996, -261.7267376107264, -377.0567640824939, -287.3761291307559, -362.18829963359593, -323.53546810435205, -283.7180309764452, -354.7007637330627, -278.84695331679313, -414.6748085730238, -409.4038049403021, -315.13435771816495, -402.62399011488026, -315.13487097947643, -235.90534729828954, -322.6621214035273, -368.8903092109957, -390.53667286426366, -497.26889351008793, -268.2869652743271, -325.03550490943854, -427.0287118762929, -369.81491956961986, -335.55047010091215, -264.2579445352749, -342.6672716134408], "episode_lengths": [72, 72, 72, 72, 72, 72, 72, 72, 72, 72, 72, 72, 72, 72, 72, 72, 72, 72, 72, 72, 72, 72, 72, 72, 72, 72, 72, 72, 72, 72, 72, 72, 72, 72, 72, 72, 72, 72, 72, 72, 72, 72, 72, 72, 72, 72, 72, 72, 72, 72, 72, 72, 72, 72, 72, 72, 72, 72, 72, 72, 72, 72, 72, 72, 72, 72, 72, 72, 72, 72, 72, 72, 72, 72, 72, 72, 72, 72, 72, 72, 72, 72, 72, 72, 72, 72, 72, 72, 72, 72, 72, 72, 72, 72, 72, 72, 72, 72, 72, 72, 72, 72, 72, 72, 72]}, "sampler_perf": {"mean_raw_obs_processing_ms": 148.7590695690951, "mean_inference_ms": 4.651868601111142, "mean_action_processing_ms": 0.4264439453022016, "mean_env_wait_ms": 4887.0012791152885, "mean_env_render_ms": 0.0}, "off_policy_estimator": {}, "num_healthy_workers": 7, "timesteps_total": 7994, "timesteps_this_iter": 0, "agent_timesteps_total": 7994, "timers": {"sample_time_ms": 5775604.05, "sample_throughput": 1.384, "load_time_ms": 15.664, "load_throughput": 510346.675, "learn_time_ms": 6585.386, "learn_throughput": 1213.9, "update_time_ms": 34.902}, "info": {"learner": {"default_policy": {"learner_stats": {"cur_kl_coeff": 0.20000000298023224, "cur_lr": 4.999999873689376e-05, "total_loss": 23842.228515625, "policy_loss": -0.00018935017578769475, "vf_loss": 23842.2265625, "vf_explained_var": 0.0029545999132096767, "kl": 0.00508881313726306, "entropy": 2.823183298110962, "entropy_coeff": 0.0, "model": {}}, "custom_metrics": {}}}, "num_steps_sampled": 7994, "num_agent_steps_sampled": 7994, "num_steps_trained": 7994, "num_agent_steps_trained": 7994}, "done": false, "episodes_total": 105, "training_iteration": 1, "trial_id": "64772_00000", "experiment_id": "c28d211242b1481b9d7b4a88956ad49e", "date": "2022-02-01_14-57-47", "timestamp": 1643752667, "time_this_iter_s": 5782.465147256851, "time_total_s": 5782.465147256851, "pid": 13956, "hostname": "aeseye-34792s", "node_ip": "127.0.0.1", "config": {"num_workers": 7, "num_envs_per_worker": 1, "create_env_on_driver": false, "rollout_fragment_length": 571, "batch_mode": "truncate_episodes", "gamma": 0.99, "lr": 5e-05, "train_batch_size": 4000, "model": {"_use_default_native_models": false, "_disable_preprocessor_api": false, "fcnet_hiddens": [256, 256], "fcnet_activation": "tanh", "conv_filters": null, "conv_activation": "relu", "post_fcnet_hiddens": [], "post_fcnet_activation": "relu", "free_log_std": false, "no_final_linear": false, "vf_share_layers": false, "use_lstm": false, "max_seq_len": 20, "lstm_cell_size": 256, "lstm_use_prev_action": false, "lstm_use_prev_reward": false, "_time_major": false, "use_attention": false, "attention_num_transformer_units": 1, "attention_dim": 64, "attention_num_heads": 1, "attention_head_dim": 32, "attention_memory_inference": 50, "attention_memory_training": 50, "attention_position_wise_mlp_dim": 32, "attention_init_gru_gate_bias": 2.0, "attention_use_n_prev_actions": 0, "attention_use_n_prev_rewards": 0, "framestack": true, "dim": 84, "grayscale": false, "zero_mean": true, "custom_model": null, "custom_model_config": {}, "custom_action_dist": null, "custom_preprocessor": null, "lstm_use_prev_action_reward": -1}, "optimizer": {}, "horizon": null, "soft_horizon": false, "no_done_at_end": false, "env": "RLMPCReservePolicyEnv-v0", "observation_space": null, "action_space": null, "env_config": {}, "remote_worker_envs": false, "remote_env_batch_wait_ms": 0, "env_task_fn": null, "render_env": false, "record_env": false, "clip_rewards": null, "normalize_actions": true, "clip_actions": false, "preprocessor_pref": "deepmind", "log_level": "WARN", "callbacks": "<class 'ray.rllib.agents.callbacks.DefaultCallbacks'>", "ignore_worker_failures": true, "log_sys_usage": true, "fake_sampler": false, "framework": "tf", "eager_tracing": false, "eager_max_retraces": 20, "explore": true, "exploration_config": {"type": "StochasticSampling"}, "evaluation_interval": null, "evaluation_num_episodes": 10, "evaluation_parallel_to_training": false, "in_evaluation": false, "evaluation_config": {}, "evaluation_num_workers": 0, "custom_eval_function": null, "sample_async": false, "sample_collector": "<class 'ray.rllib.evaluation.collectors.simple_list_collector.SimpleListCollector'>", "observation_filter": "NoFilter", "synchronize_filters": true, "tf_session_args": {"intra_op_parallelism_threads": 2, "inter_op_parallelism_threads": 2, "gpu_options": {"allow_growth": true}, "log_device_placement": false, "device_count": {"CPU": 1}, "allow_soft_placement": true}, "local_tf_session_args": {"intra_op_parallelism_threads": 8, "inter_op_parallelism_threads": 8}, "compress_observations": false, "collect_metrics_timeout": 180, "metrics_smoothing_episodes": 100, "min_iter_time_s": 0, "timesteps_per_iteration": 0, "seed": null, "extra_python_environs_for_driver": {}, "extra_python_environs_for_worker": {}, "num_gpus": 0, "_fake_gpus": false, "num_cpus_per_worker": 1, "num_gpus_per_worker": 0, "custom_resources_per_worker": {}, "num_cpus_for_driver": 1, "placement_strategy": "PACK", "input": "sampler", "input_config": {}, "actions_in_input_normalized": false, "input_evaluation": ["is", "wis"], "postprocess_inputs": false, "shuffle_buffer_size": 0, "output": null, "output_compress_columns": ["obs", "new_obs"], "output_max_file_size": 67108864, "multiagent": {"policies": {"default_policy": ["<class 'ray.rllib.policy.tf_policy_template.PPOTFPolicy'>", null, null, {}]}, "policy_map_capacity": 100, "policy_map_cache": null, "policy_mapping_fn": null, "policies_to_train": null, "observation_fn": null, "replay_mode": "independent",